col_pk	col_integer	col_tinyint	col_smallint	col_mediumint	col_bigint	col_float	col_double	col_decimal
1	-2147483648	-128	-32768	-8388608	-9223372036854775808	-3.402823466E+38	-1.7976931348623157E+308	0.0
1	-2147483648	-128	-32768	-8388608	-9223372036854775808	-3.402823466E+38	-1.7976931348	0.0
3	2147483647	127	32767	8388607	9223372036854775807	-1.175494351E-38	-2.2250738585072014E-308	999.9
2	2147483647	127	32767	8388607	9223372036854775807	-1.175494351E-38	-2.22507385850	999.9
3								
4	100	25	30	35	40	50.75	80.99	20.5
5	56	20	50	30	50	100.35	150.99	120.5
6	51	15	5	60	90	15.15	14.99	130.5
