col_integer,col_tinyint,col_smallint,col_mediumint,col_bigint,col_float,col_double,col_decimal
1,-2147483648,-128,-32768,-8388608,-9223372036854775808,-3.402823466E+38,-1.7976931348623157E+308,0.0
1,-2147483648,-128,-32768,-8388608,-9223372036854775808,-3.402823466E+38,-1.7976931348
3,2147483647,127,32767,8388607,9223372036854775807,-1.175494351E-38
